{"cameraMode":{"drawMode":0,"name":"Shaded","section":"Shading Mode"},"sceneLighting":true,"audioPlay":false,"sceneViewState":{"m_AlwaysRefresh":false,"showFog":true,"showSkybox":true,"showFlares":true,"showImageEffects":true,"showParticleSystems":true,"showVisualEffectGraphs":true,"m_FxEnabled":true},"in2DMode":false,"pivot":{"x":-1.4753897190093995,"y":1.0929726362228394,"z":-2.423207998275757},"rotation":{"x":0.009899143129587174,"y":-0.23711033165454865,"z":-0.0024169408716261389,"w":-0.9714316129684448},"size":0.1307036578655243,"orthographic":false}